length;r2;mse;scale;offset;nuniqueops;complexity;nparam;fun;theta
6;0.8839548663706296;5.5977990176764205;1.0000001184630751;1.8363598623949429e-06;5;8;3;(a0 + ((-a1) * sin((a2 * X2))));[6.009304, 207.776733, 0.107975]
7;0.9188515245122518;3.9144498538134918;1.000000109442181;5.687747020033385e-07;5;11;4;(a0 + (a1 * ((a2 * X1) * ((-a3) * X2))));[2.204945, 18.176516, 0.667461, 1.821145]
8;0.9355848661975174;3.1072649187916555;0.9999999489917955;-2.650913577539882e-07;6;12;4;(a0 + (a1 * (sin((a2 * X1)) + ((-a3) * X2))));[4.570822, 1.522489, 5.290481, 12.99277]
9;0.944084706387767;2.6972486123832384;1.0000000670745772;3.485888377952051e-07;6;13;4;(a0 + (a1 * (sin((a2 * X1)) * sin(((-a3) * X2)))));[3.039419, 3877.228027, 1.407773, 0.005536]
10;0.9603519123520032;1.9125491879526157;1.000000073708075;3.830633490409241e-07;6;14;5;(a0 + ((-a1) * sin(((((-a2) * X2) * ((-a3) * X1)) * a4))));[3.74926, 18.572626, 1.314196, 2.035478, 0.692538]
12;0.9999999999999873;6.110239538454324e-13;1.0000000520241354;2.703711849960655e-07;6;16;6;((-a0) + (a1 * (sin((a2 - (a3 * X2))) * (a4 - ((-a5) * X2)))));[0.0, 1.0, 1.570796, 3.84765, 0.0, 18.013908]
